{"loss":{"0":0.5263285637,"1":0.2773700356,"2":0.2478526235,"3":0.230287537,"4":0.2181212753,"5":0.2109273672,"6":0.2065836638,"7":0.1938446313,"8":0.1857791394,"9":0.1859545857,"10":0.1786237508,"11":0.1805615127},"accuracy":{"0":0.8416619897,"1":0.9076400399,"2":0.9184347391,"3":0.9248092175,"4":0.9273915887,"5":0.9299739599,"6":0.9325562716,"7":0.9338591099,"8":0.9378606081,"9":0.938325882,"10":0.9402102828,"11":0.9399078488},"val_loss":{"0":0.2141041309,"1":0.2023985684,"2":0.1839911938,"3":0.1657889634,"4":0.1620630175,"5":0.14276357,"6":0.1445761323,"7":0.1358586103,"8":0.1300415844,"9":0.1381866634,"10":0.1429641247,"11":0.1316889524},"val_accuracy":{"0":0.9302174449,"1":0.9317041636,"2":0.9365359545,"3":0.9456420541,"4":0.9464783669,"5":0.9497305155,"6":0.9520535469,"7":0.9553056955,"8":0.9565136433,"9":0.9548411369,"10":0.9553986192,"11":0.956327796}}